F0,F1,F2,F3,F4,F5
-2.408134649368599833e-01,-5.575547499522719441e-01,5.629847777953321530e-02,3.323159390335567731e-01,1.129964417116255393e-01,0.000000000000000000e+00
-2.678052447291503491e-01,-6.961277105285028632e-01,8.644735225076605190e-02,2.614069354588204885e-01,6.169788295196419747e-02,0.000000000000000000e+00
-2.465902346658642441e-01,-4.589723660055501364e-01,8.761284360579557617e-02,2.501159151377023715e-01,8.812665718640136370e-02,0.000000000000000000e+00
-6.420513947425543488e-03,-4.979196611193250632e-01,1.401542661014480717e-01,2.025233742380380952e-01,6.568015586511323500e-02,0.000000000000000000e+00
-2.174800197356371867e-01,-4.058066371004054873e-01,1.749646936502723404e-01,3.556387935236179354e-01,7.417853539288987719e-02,0.000000000000000000e+00
-3.428866489074686719e-01,-4.013511831388121287e-01,8.998456273384618231e-02,2.745984264496986182e-01,1.446065632910621679e-01,0.000000000000000000e+00
-2.602278002470765350e-01,-4.834884794545637465e-01,7.066166373898369324e-02,3.051799720082523648e-01,1.484420401984982152e-01,0.000000000000000000e+00
-1.961645456016645750e-01,-4.473165191523666984e-01,1.789167048276393834e-01,7.257809380659696608e-02,-5.834740685972747420e-02,0.000000000000000000e+00
-1.948403104329108626e-01,-2.439605072665247676e-01,9.554538629875140854e-02,2.406660850458238188e-01,1.015881141919506570e-01,0.000000000000000000e+00
-2.161309805202881185e-01,-5.139860639935068809e-01,3.360110625928768024e-02,3.051287367882148938e-01,5.856834933106187108e-02,0.000000000000000000e+00
-2.056052287516862698e-01,-4.180191140315912546e-01,1.513598770821557860e-01,2.112476508527081631e-01,-2.487528223901702695e-02,0.000000000000000000e+00
-2.697069460555209242e-01,-5.920323663935854741e-01,7.377815364994907976e-02,1.594561043152609436e-01,9.941263877547457106e-02,0.000000000000000000e+00
-2.178696922759126575e-01,-3.431368555446321356e-01,-1.117003574215515160e-02,5.472211429908052649e-02,1.884683684939492121e-01,0.000000000000000000e+00
-2.491380078715448032e-01,-4.068643815585687440e-01,1.120848775142762738e-01,1.951846978462979387e-01,2.499383312415246958e-02,0.000000000000000000e+00
-2.159137413064845523e-01,-3.515935249443717936e-01,6.572179034617944837e-02,3.169128164426289751e-01,7.980776707884933152e-02,0.000000000000000000e+00
-2.912888584171385853e-01,-5.154293107222099879e-01,-7.982412427872734306e-02,1.063396643961203036e-01,3.264188939902698539e-03,0.000000000000000000e+00
-2.570564305651119041e-01,-5.507141168875173687e-01,1.099287280844898351e-01,2.002606262599841147e-01,1.819547175170194153e-02,0.000000000000000000e+00
-1.788037685641065688e-01,-5.416551466779677693e-01,9.396322241987893620e-02,3.190168314539675309e-01,-5.066109972299510933e-03,0.000000000000000000e+00
-1.607024769683135790e-01,-4.544166693708667215e-01,1.397386887060564076e-01,1.788284195717776970e-01,5.685277006066511568e-02,0.000000000000000000e+00
-1.466818116910915126e-01,-5.714499668553599809e-01,1.172777086321722811e-01,3.059937639497454787e-01,-1.024981282069471200e-01,0.000000000000000000e+00
-3.228816211030431371e-01,-4.237203649175155240e-01,7.678015020765779908e-02,2.806625266105313710e-01,1.470288979068476443e-02,0.000000000000000000e+00
-3.433078553287141621e-01,-5.908730200676594047e-01,1.019042367904333252e-01,1.450580947802072029e-01,1.026272585676596683e-01,0.000000000000000000e+00
-2.389304367779222504e-01,-5.253643531105739450e-01,1.130834004407713922e-01,1.928311782891365955e-01,3.478714302688837301e-02,0.000000000000000000e+00
-2.539599327949713659e-01,-4.230370618418536344e-01,1.343107932273376603e-01,2.461686542768889152e-01,9.387355456511395357e-02,0.000000000000000000e+00
-2.934482106697731130e-01,-5.005038038664436639e-01,9.360166325174602842e-02,2.798682460652058279e-01,7.542567233242286617e-05,0.000000000000000000e+00
-1.821017577762797379e-01,-5.863477708140655276e-01,6.658986548819592621e-02,3.741930626911588176e-01,4.845566407897529404e-02,0.000000000000000000e+00
-2.746082549592168687e-01,-4.724845492664131452e-01,2.332540268286795171e-01,1.791123089156489434e-01,1.163120124061840233e-01,0.000000000000000000e+00
-2.974830947367120837e-01,-5.357193500092914951e-01,2.060589806195306517e-02,1.263667538003982460e-01,-1.420326280615784309e-02,0.000000000000000000e+00
-1.706532132391638812e-01,-4.936176595046216087e-01,9.101579144666994969e-02,3.485020868756927848e-01,-1.575963006196538785e-02,0.000000000000000000e+00
-2.022481576276919935e-01,-6.013107461979875223e-01,-1.055824795460322263e-02,4.101702747586543629e-01,2.993103504102232609e-02,0.000000000000000000e+00
-2.563916623403890704e-01,-6.219369364082550922e-01,1.135511459289977737e-01,2.825885374407380302e-01,7.341972901510580851e-02,0.000000000000000000e+00
-4.203859743626078282e-01,-5.959733556794157838e-01,1.810046959924003218e-01,3.699805366383617233e-01,1.632583255600616456e-01,0.000000000000000000e+00
-1.651299459590360452e-01,-6.277255374516528263e-01,1.015685601022661422e-01,1.787838916522284660e-01,7.431802865872433328e-02,0.000000000000000000e+00
-1.796031377669063123e-01,-4.957465622657385995e-01,6.361976603107602490e-02,2.787048599442495944e-01,7.051910281146016313e-02,0.000000000000000000e+00
-2.742261530172063200e-01,-4.474370603888608855e-01,1.826606478769148001e-02,3.722325989276413227e-01,1.196078543257609733e-01,0.000000000000000000e+00
-3.637365690243852256e-01,-5.560168883476710455e-01,1.276532480621672128e-01,3.420735117560357308e-01,1.682862046164445430e-02,0.000000000000000000e+00
-2.860381974270438943e-01,-3.766873884180940713e-01,1.051575041996167248e-01,3.455239119493348499e-01,-4.036293283505826279e-02,0.000000000000000000e+00
-2.138654986233144428e-01,-4.266155640405925320e-01,8.817231988838200585e-02,2.090355991366093791e-01,7.576445626002048517e-02,0.000000000000000000e+00
-1.299984153596606129e-01,-3.743257204105130964e-01,9.885972529009769139e-02,2.908595542295644987e-01,-7.557842253471330762e-02,0.000000000000000000e+00
-2.832600974675148486e-01,-4.557341133173717918e-01,1.182702423611813047e-01,1.922583523702644515e-01,4.268258513264922699e-02,0.000000000000000000e+00
-2.799698486269920350e-01,-4.104725670108168578e-01,9.653553484100635407e-02,2.539072423916913235e-01,2.679032840275226771e-02,0.000000000000000000e+00
-2.474755990647363735e-01,-4.187343893901860348e-01,7.819899495233215148e-02,3.958291695926546283e-01,-6.032633299267453619e-03,0.000000000000000000e+00
-3.330092862061111991e-01,-4.308651834432746242e-01,1.408402036762098908e-01,1.224174424963886260e-01,-2.310639864922105213e-02,0.000000000000000000e+00
-2.598373920705568385e-01,-4.722150321602104350e-01,4.150384561713703346e-02,1.034949217086609669e-01,-2.263384546497429484e-02,0.000000000000000000e+00
-2.720459527328253913e-01,-5.631704517776480179e-01,8.861909830033347368e-02,1.241541289403545606e-01,-5.099779043743431217e-03,0.000000000000000000e+00
-2.448419420866840279e-01,-3.120862607093790597e-01,2.331950147953441854e-02,2.231657865757324943e-01,1.962852175161416274e-02,0.000000000000000000e+00
-2.333348499372160934e-01,-4.332964067074928094e-01,3.483086901615667363e-03,2.879313527400346739e-01,5.358886479605704661e-02,0.000000000000000000e+00
-1.429072247014626096e-01,-4.360683036117540268e-01,4.597920996218903683e-02,1.152247529203395821e-01,5.897495048603836054e-02,0.000000000000000000e+00
-2.830969496007975095e-01,-5.123635435467149835e-01,1.506622914004991098e-01,2.394161680286910343e-01,4.021054482518630208e-02,0.000000000000000000e+00
-1.738963743157705966e-01,-6.000878536283189568e-01,5.962736959726724906e-02,3.444182047600077290e-01,1.829127445757494363e-01,0.000000000000000000e+00
-1.928353576734021801e-01,-3.865479238578397037e-01,1.143261636159013939e-02,1.687853128784574941e-01,1.308832390304777160e-01,0.000000000000000000e+00
-3.105651252381317895e-01,-5.240173841723098080e-01,-8.121354696124438721e-02,1.805599502781196630e-01,8.881790442465484214e-02,0.000000000000000000e+00
-2.409378491946020384e-01,-3.960765066177905358e-01,1.649029818343607234e-01,2.485014302121730245e-01,6.307308435996197837e-02,0.000000000000000000e+00
-2.093915965822336911e-01,-5.156891104751175625e-01,6.215447401971550823e-02,2.156341499180469412e-01,-2.115643138863934625e-02,0.000000000000000000e+00
-2.121393324501408550e-01,-4.566978196775300924e-01,1.558877966625726585e-01,3.116780069211320114e-01,1.048273759954280737e-01,0.000000000000000000e+00
-8.943693845300523804e-02,-3.497875810474616043e-01,5.768459804398194668e-02,9.869015170159192718e-02,2.153106350863825957e-04,0.000000000000000000e+00
-2.666920884717571272e-01,-4.255162134168951615e-01,8.774715695078712241e-02,2.126263304889715877e-01,1.697102320767192862e-01,0.000000000000000000e+00
-3.169270261058504401e-01,-4.259175167125028860e-01,1.440305663590200624e-01,2.228933208891356599e-01,-4.271669744567513360e-02,0.000000000000000000e+00
-2.896185530980395217e-01,-4.906303651315586656e-01,7.670776000566134623e-02,3.887378066335470672e-01,-5.159817091389695687e-02,0.000000000000000000e+00
-2.913574560750302744e-01,-4.489840448432028674e-01,1.626073401722741285e-01,2.905154347775920631e-01,-4.750871540932875836e-02,0.000000000000000000e+00
-2.428560684065886599e-01,-3.954545741213588705e-01,2.355936513482628503e-01,1.409996093012350626e-01,-4.531328970157370850e-02,0.000000000000000000e+00
-1.209141014893702071e-01,-5.764089519045551002e-01,8.639060863422008685e-02,2.262089749586421172e-01,2.054306914196473433e-01,0.000000000000000000e+00
-3.208846297121252800e-01,-4.177007044957348203e-01,7.191396790564898167e-02,2.413256947891325721e-01,6.166584862110049275e-02,0.000000000000000000e+00
-2.069439819960339211e-01,-4.759083050221971090e-01,1.152448280457942648e-01,1.454319452505174470e-01,-3.104983563603659624e-02,0.000000000000000000e+00
-3.583892017772543070e-01,-4.988017157185588024e-01,2.452522122359163115e-02,1.924270445658322615e-01,9.687785730595699363e-02,0.000000000000000000e+00
-1.605896641343877440e-01,-4.911896092455734775e-01,5.207307151622320163e-02,4.002163652125020343e-01,-5.283148622996142185e-02,0.000000000000000000e+00
-1.746616457576940229e-01,-4.961545721003985943e-01,8.091683965586018989e-02,2.001027118190144283e-01,3.871096114530500620e-03,0.000000000000000000e+00
-1.327275296861982201e-01,-3.708852443269485821e-01,-4.565492531060133530e-02,1.451155750073430950e-01,2.197870400150091219e-03,0.000000000000000000e+00
-2.316023616032264476e-01,-6.617911175654505040e-01,7.293529553614080951e-02,3.053940916916756398e-01,4.793699956678840191e-02,0.000000000000000000e+00
-2.857988557463023715e-01,-2.893442954033930703e-01,3.402539335926893505e-03,1.626059538392848058e-01,3.563277221159444341e-02,0.000000000000000000e+00
-2.071721324600614422e-01,-5.782117290690689249e-01,8.215600940063012836e-02,2.611387957750999633e-01,3.764331126114236342e-02,0.000000000000000000e+00
-3.429699055046564471e-01,-5.037587006679333790e-01,1.020801258907171050e-01,2.044202921442941912e-01,-2.894099395809467123e-02,0.000000000000000000e+00
-1.854317816463500468e-01,-4.490584044776921857e-01,-7.137846418254559233e-03,3.342738109700636451e-01,5.428891052817434726e-02,0.000000000000000000e+00
-1.616916843515192326e-01,-5.671895590811941723e-01,2.720759039269772250e-01,2.058285515164826884e-01,7.776029824117000611e-02,0.000000000000000000e+00
-7.321848338431394265e-02,-4.713269592052307111e-01,1.435965454295504151e-01,2.159474803666693588e-01,1.035009759471246238e-01,0.000000000000000000e+00
-1.041961995581477674e-01,-4.647493700686817220e-01,1.958284720841124704e-01,2.091910145066218918e-01,3.992772329654357966e-02,0.000000000000000000e+00
-2.800288852338730372e-01,-4.612964813738426040e-01,-2.111613047495283779e-03,3.288863997576862430e-01,1.107938564694756350e-01,0.000000000000000000e+00
-4.502269121368180915e-01,-4.315827308714252908e-01,8.663549763028888240e-02,2.239399181584227627e-01,-7.707798245404745563e-02,0.000000000000000000e+00
-1.951014543506933152e-01,-4.196507393259182317e-01,-3.886676262305821528e-02,3.027523257170772197e-01,1.271452823891123796e-01,0.000000000000000000e+00
-1.958277951899363989e-01,-4.860576646058226702e-01,7.572808136810271762e-02,2.819022967172752359e-01,-1.679471748608328541e-02,0.000000000000000000e+00
-2.383724945867362888e-01,-4.391390048932540813e-01,6.016249948483834431e-03,3.148283333056484112e-01,2.174726411480855034e-02,0.000000000000000000e+00
-4.659771597687027977e-01,-8.571049881420503280e-02,1.222388334328416704e-01,2.970110728314896420e-01,-5.650257915365314472e-03,1.000000000000000000e+00
-4.151333814418366464e-01,-5.706746330074796009e-02,5.555149706839254686e-02,4.034789124793752846e-01,-2.759024967097400971e-02,1.000000000000000000e+00
-4.723251119586129865e-01,2.449122418627028286e-02,1.015769565777566857e-01,4.260623357395814104e-01,6.342574121070344850e-02,1.000000000000000000e+00
-3.218511278261085851e-01,-2.530265558578523866e-01,2.416780272584583000e-02,2.348204044352468767e-01,-1.070679719703937771e-01,1.000000000000000000e+00
-3.896403058391408880e-01,2.136842485313850126e-02,3.855567946620322428e-02,2.433062870802847055e-01,6.344605623208329770e-02,1.000000000000000000e+00
-4.260617785494665855e-01,-7.276096368502295297e-02,4.362419637540008305e-02,3.197335174316657813e-01,9.860377687657174983e-02,1.000000000000000000e+00
-3.298483612364236928e-01,-1.715581393168472135e-02,1.254329488947091009e-01,1.590391669310040612e-01,1.707285995112297044e-03,1.000000000000000000e+00
-2.753615943067423411e-01,-1.389445780401966923e-01,5.160175887446565024e-02,2.836431602928722318e-01,-1.480400153557815124e-01,1.000000000000000000e+00
-4.821034964766439668e-01,-8.420641522993278782e-02,1.258354114821820524e-01,2.745281922202382208e-01,-8.493305557451483190e-02,1.000000000000000000e+00
-2.342050874447610675e-01,-1.259055355057404624e-01,2.682767918719435041e-02,2.166187233936050782e-01,-1.166583142087838643e-01,1.000000000000000000e+00
-4.239049143715398205e-01,-1.336868713450310997e-01,2.383668360254679042e-01,1.724387959502104162e-01,-6.471007309650621264e-02,1.000000000000000000e+00
-3.291753012724310534e-01,-1.486048554883802053e-01,-2.189875039203416363e-02,3.212703270960411972e-01,5.299571656961587010e-03,1.000000000000000000e+00
-4.012880270557374063e-01,-9.632039752438537050e-04,1.596215688311005410e-01,3.954946556865603924e-01,9.482916107081788837e-03,1.000000000000000000e+00
-3.469951154316031072e-01,-9.795990543910407244e-02,3.157477983613486694e-02,2.585711065446180124e-01,-2.305489879987258905e-02,1.000000000000000000e+00
-5.235141025743270671e-01,-5.718617405479211463e-02,4.134196674208259759e-02,3.734251337874955334e-01,-5.067988560940524245e-02,1.000000000000000000e+00
-3.775242999138846423e-01,-2.733496844931980752e-01,1.361160121216365981e-01,2.122026501866888237e-01,-6.289332062186472026e-03,1.000000000000000000e+00
-4.999957104242070960e-01,-8.991096100877883635e-02,1.456607634647958394e-01,3.149780014993905919e-01,-1.160879770360291746e-01,1.000000000000000000e+00
-2.036458351052406190e-01,4.603712224531653074e-02,5.602470336126868372e-02,2.780352202084354074e-01,-3.154801998617078745e-02,1.000000000000000000e+00
-4.480264886850295336e-01,-1.301457082064509663e-01,1.613901254613666070e-01,3.309913356523482841e-01,-1.446147307082577549e-01,1.000000000000000000e+00
-5.513887435600159925e-01,-2.902776037892018657e-03,1.009363696706949975e-01,2.559906277879732128e-01,-2.543652614986886135e-02,1.000000000000000000e+00
-4.416731123856973418e-01,-5.099525820425489936e-02,5.089949634752415075e-02,3.205337306102151174e-01,-1.822201173727087953e-02,1.000000000000000000e+00
-4.299901549734612138e-01,-8.890804400061606827e-02,4.350311451769182242e-02,3.562586143829191698e-01,-7.749654827317661865e-02,1.000000000000000000e+00
-1.469522562288789747e-01,-1.344142563638745791e-01,1.887037773234696014e-01,3.654116236813933494e-01,-4.274349836661407720e-02,1.000000000000000000e+00
-4.941172295782008117e-01,-1.793691338392717771e-01,2.229949661165906705e-01,2.691548672875003767e-01,-2.499571466850152024e-02,1.000000000000000000e+00
-3.686041692416751059e-01,-2.645194270290915917e-01,-2.603906589439591857e-02,2.399875821552288624e-01,-1.194392489803757645e-01,1.000000000000000000e+00
-4.208604754735361109e-01,3.495755651521084695e-02,8.270299503347094960e-03,3.132587009530554134e-01,8.185698361391703648e-02,1.000000000000000000e+00
-3.487844858183155039e-01,1.782899017089994986e-02,1.353699594293950037e-02,2.432649759168164505e-01,-3.063328254994562502e-02,1.000000000000000000e+00
-2.567428169041094943e-01,-1.426010543414753251e-01,1.585804919432227122e-01,4.172238070705618362e-01,1.764741391572489937e-02,1.000000000000000000e+00
-4.238559621144873391e-01,-1.845571000678940810e-01,1.186727374874421426e-01,6.572599490875399852e-02,5.776405215874767796e-02,1.000000000000000000e+00
-1.696851699463212682e-01,5.866870670322127390e-02,9.807701590058715002e-02,2.645237913829086018e-01,1.162770009075721755e-01,1.000000000000000000e+00
-2.793711233329665422e-01,-4.313967684146078480e-02,1.093951493589226109e-01,3.400566103625648484e-01,-3.299730893209938676e-02,1.000000000000000000e+00
-3.447098674263879836e-01,-1.412453115115723523e-01,1.417014553652114484e-01,2.849190613564628882e-01,7.249937372859834722e-03,1.000000000000000000e+00
-2.881009659975446446e-01,-9.280064118438388632e-03,5.241956663929916993e-02,1.607589019290807664e-01,-7.949665710169469268e-02,1.000000000000000000e+00
-4.007618521475420081e-01,-1.525043837312223260e-01,4.427887688967630658e-02,1.512221868005709513e-01,-9.671505990178116963e-02,1.000000000000000000e+00
-3.184490067657177459e-01,-2.021455016930580051e-01,7.163467070909404488e-02,2.302531239803290442e-01,1.276901103473530585e-01,1.000000000000000000e+00
-3.987946721700460495e-01,5.131914441453372389e-02,4.424028529675925331e-02,3.422165896161968868e-01,1.163026390019828299e-01,1.000000000000000000e+00
-3.364656396875403965e-01,-1.277697173475115799e-01,2.197350260454686011e-01,3.553687558002988078e-01,-5.358628075713250255e-02,1.000000000000000000e+00
-4.268413120579279130e-01,-2.560223392702100365e-02,1.583320850241160260e-01,3.202005082351537246e-01,9.586480983330124273e-02,1.000000000000000000e+00
-2.371363907792909953e-01,-7.196160936089958382e-02,1.461381583251175065e-01,3.626877057103971569e-01,-1.072948268349101369e-01,1.000000000000000000e+00
-5.646149012747806450e-01,-1.249396920934681271e-01,2.121375121132245550e-02,2.763202950657400736e-01,9.357410374046477852e-02,1.000000000000000000e+00
-4.757337286134630805e-01,-3.189842815881471783e-02,7.283744862231224249e-02,2.526772234938930439e-01,1.847032661888030249e-03,1.000000000000000000e+00
-3.551887652581323107e-01,-1.423915802995333602e-01,1.107745791835440669e-01,2.635294861079571227e-01,-2.182969471432688949e-02,1.000000000000000000e+00
-2.839547210132188360e-01,-1.665746907066267268e-01,1.965575865359789898e-01,1.537371401586065389e-01,1.322552427325597579e-02,1.000000000000000000e+00
-5.398125777228447442e-01,-2.513508990856429259e-02,1.017872916767253444e-01,2.441906918844288510e-01,-5.792988241516988483e-03,1.000000000000000000e+00
-4.165221954699616647e-01,-1.274332419882915346e-01,4.318772967738183227e-02,5.901307685841585826e-01,-1.730781558237367082e-02,1.000000000000000000e+00
-3.992955711280942177e-01,-8.638421764034261152e-02,1.446077049132732384e-01,4.206508318474450059e-01,7.935299338933489433e-02,1.000000000000000000e+00
-4.725887738908294833e-01,-4.363714562179046158e-02,4.669085992561609888e-02,2.837509337799128950e-01,6.651308859965830711e-02,1.000000000000000000e+00
-3.330755554534472473e-01,-1.234029277571634386e-01,1.990604205487996881e-01,1.961517057862672830e-01,1.558402674015580205e-02,1.000000000000000000e+00
-2.256245909830582319e-01,-3.258077718016696295e-02,1.613680291221245289e-01,1.836448073813021775e-01,-7.389744774553673456e-02,1.000000000000000000e+00
-3.808407785943971890e-01,-5.716872007453089460e-02,9.230479320507371799e-02,3.739525938956277384e-01,-6.379711961652978491e-02,1.000000000000000000e+00
-3.669147534395946764e-01,-6.652292125083798802e-02,8.198299684561351219e-02,1.168551390657197875e-01,-2.850488715580648189e-02,1.000000000000000000e+00
-3.239191202271222148e-01,-9.568551258650857816e-02,2.829241768881948782e-02,1.565655113101713236e-01,1.844083701271080622e-02,1.000000000000000000e+00
-3.580842160686911191e-01,-1.993446963986003073e-01,1.170263792348463228e-01,3.978083790612441661e-01,2.021043561641634734e-01,1.000000000000000000e+00
-3.173980240689363019e-01,-1.804892540802488510e-02,9.710923308643243379e-02,4.572247903654685364e-01,2.678622491286380275e-02,1.000000000000000000e+00
-3.265058316394422455e-01,-5.416342650559184679e-02,1.166621655681840397e-02,3.921369344471740126e-01,7.519285564110374243e-02,1.000000000000000000e+00
-2.743197123557947203e-01,5.790520205866483971e-03,1.268464861343660544e-01,3.459553092172550359e-01,2.458557674343169949e-02,1.000000000000000000e+00
-3.183382958842674859e-01,-1.477439412142731445e-01,7.843856877907169622e-02,2.397609041208299263e-01,5.643116734023716913e-05,1.000000000000000000e+00
-2.426043529632579410e-01,-3.133372413417977176e-02,1.344315501971256599e-01,2.226087040415206664e-01,8.721928924888733281e-02,1.000000000000000000e+00
-3.963027521361905947e-01,-1.178920696331705459e-01,1.071968142366941934e-01,3.218475337049662155e-01,9.091836801829317194e-03,1.000000000000000000e+00
-4.342066975794947048e-01,-8.798986092910852930e-02,5.023566403760054699e-02,3.367665272042523195e-01,6.592330256963145618e-02,1.000000000000000000e+00
-3.025393794098409916e-01,-7.589980979668634054e-03,4.800921441460496986e-02,2.254753461063553621e-01,-4.716117825363778937e-02,1.000000000000000000e+00
-4.057228909177326148e-01,-9.326535011692838051e-02,9.990442686618175583e-02,2.256605158099556085e-01,1.830333809652695889e-02,1.000000000000000000e+00
-3.791908461071661351e-01,-1.174132349047001811e-01,1.390140085790929347e-01,3.655845147734452238e-01,-2.829145095054745249e-02,1.000000000000000000e+00
-3.175285245930516420e-01,-6.452898554480401838e-02,1.053577617595760074e-01,1.796337956234599909e-01,5.230169430933582012e-03,1.000000000000000000e+00
-2.503499493033396472e-01,-2.611944201200374627e-01,5.968152968271107917e-02,3.144093702913963728e-01,7.846496930542805337e-02,1.000000000000000000e+00
-4.651934770186120227e-01,-2.091452346459522077e-02,9.972462754365529758e-03,2.836264593215393481e-01,-6.253290511439539914e-03,1.000000000000000000e+00
-3.141435015954423537e-01,-5.368176342022989989e-02,-5.846817990085545480e-02,1.805350983557428846e-01,-3.614977653502510907e-02,1.000000000000000000e+00
-2.394050569079265167e-01,-1.778175325385960848e-01,8.396070331667881970e-02,2.197940969019422652e-01,-2.076341921357868769e-02,1.000000000000000000e+00
-5.207625008946652478e-01,4.534372448218967899e-02,2.214664069424588377e-01,2.396208338282445061e-01,-9.966308822836283943e-02,1.000000000000000000e+00
-3.563077638932007907e-01,-1.489035702112357085e-01,6.519434914601060505e-02,2.031375234192417389e-01,4.208279825356806003e-02,1.000000000000000000e+00
-2.926890233570030309e-01,-1.445612112520604231e-02,1.386022242450866138e-01,2.661577756794384353e-01,-3.119903513476211809e-02,1.000000000000000000e+00
-4.549577427526860229e-01,-9.112939478442877439e-02,4.985492444760039610e-02,3.427227334324280950e-01,5.960235607472502695e-02,1.000000000000000000e+00
-3.614903530740901649e-01,-6.912138191643756036e-02,1.264592296484531864e-01,2.275390840122500091e-01,1.367432732654725869e-01,1.000000000000000000e+00
-4.149758769743240316e-01,-1.248170477724435679e-01,2.720616669507166380e-02,3.612243047190460965e-01,-3.281847288254018113e-02,1.000000000000000000e+00
-5.399198381705818672e-01,-8.382299245871834004e-02,9.886589733796682933e-02,2.636848666921445816e-01,1.569477404264106868e-01,1.000000000000000000e+00
-3.000355885347532059e-01,-2.351140057333737099e-01,2.509206590328502129e-01,1.476657111727622540e-01,-2.900418747866433111e-02,1.000000000000000000e+00
-3.593143713229600134e-01,-6.860947496774004450e-02,7.220065180919277292e-02,4.311272914715005289e-01,1.473490125062477778e-02,1.000000000000000000e+00
-2.768756092038360817e-01,-1.773806690838230782e-01,-7.886006514030777237e-03,8.859369541068945475e-02,6.453845509297047311e-02,1.000000000000000000e+00
-3.245885939557024424e-01,7.934988734787193354e-03,7.291579711724897883e-02,4.249193272190397996e-01,9.853835960646306624e-02,1.000000000000000000e+00
-3.078739399372961705e-01,-1.813906069635992657e-02,2.449128121157057025e-02,2.240755047002573330e-01,-7.073344099332780355e-02,1.000000000000000000e+00
-2.714992898199812266e-01,8.759200263606758963e-02,7.068206633450339893e-02,3.496732621628406701e-01,3.838442947667405208e-02,1.000000000000000000e+00
-3.255018615061335829e-01,-1.989888364791445041e-02,-2.480574996714043912e-03,3.440209508364625579e-01,1.170119583134119207e-01,1.000000000000000000e+00
-1.843975200438155160e-01,-8.638737761649080416e-02,-8.882815940454102943e-02,3.935323018612680301e-01,6.661696147275865398e-02,1.000000000000000000e+00
-3.121598642941008639e-01,-1.379181925736486791e-01,1.367988465550290800e-01,2.713992953454581469e-01,-6.114017850319018038e-02,1.000000000000000000e+00
-2.877433639397339871e-01,-7.145806691614557671e-02,3.930363395893039097e-02,2.264056799434672751e-01,7.067366751530630709e-02,1.000000000000000000e+00
-4.922581070161972105e-01,1.803933328385687318e-01,5.120587940559290924e-02,1.053190200311199670e-01,-2.652292810138776602e-01,2.000000000000000000e+00
-5.842870880842377934e-01,1.449981864366178819e-01,-8.281113886876556585e-02,6.602589842731568237e-02,-2.257210323035929167e-01,2.000000000000000000e+00
-2.876775633056877224e-01,1.224108160808928258e-01,1.576184150536705519e-01,-1.214252360948571974e-01,-2.677715997845371843e-01,2.000000000000000000e+00
-4.898231423162934806e-01,1.355046640214377096e-01,2.355107011393513250e-03,-1.016138841711014262e-01,-2.258297499017146159e-01,2.000000000000000000e+00
-6.037429255185862154e-01,2.144473375784436420e-01,6.681913649251199072e-02,-1.010918714283658842e-02,-1.890355976080568545e-01,2.000000000000000000e+00
-3.661276397917542225e-01,1.080802674514903805e-01,1.837280226245144657e-02,-6.297753433506216025e-02,-2.787789376668275421e-01,2.000000000000000000e+00
-3.833275593377964974e-01,2.332479722771719499e-01,5.508392704164258302e-02,3.096085961910471918e-02,-2.124216757174796633e-01,2.000000000000000000e+00
-4.004679709966875167e-01,8.823482792649701978e-02,2.589294358924384976e-02,1.183550803932839901e-01,-1.966533901365377368e-01,2.000000000000000000e+00
-4.995214841660710059e-01,7.221861548614404158e-02,1.391684200577598673e-01,2.379381776986475017e-03,-1.119511900029629414e-01,2.000000000000000000e+00
-3.947774832525958733e-01,2.113125137233702877e-01,-6.809985160313780650e-02,-1.960214773078432782e-01,-1.531108143930260401e-01,2.000000000000000000e+00
-4.543635570809781976e-01,2.175359545183261911e-01,-1.614360124981435995e-01,3.489269091501737141e-02,-2.622746658485485827e-01,2.000000000000000000e+00
-4.400949388107124327e-01,1.086058736213809106e-01,8.350245483616361430e-02,-1.656287904770261665e-01,-9.356279101651243657e-02,2.000000000000000000e+00
-5.048779925473225738e-01,2.029052433002255240e-01,1.226280943479060928e-02,1.228157072291628446e-02,-2.346019993809700943e-01,2.000000000000000000e+00
-4.806376230165390617e-01,8.018602146282109711e-02,7.666416456620062103e-02,6.699281467676906909e-02,-1.998460128673214542e-01,2.000000000000000000e+00
-5.216519142200891634e-01,1.650548723092954140e-01,1.049766748962712923e-02,-1.312491424322737889e-02,1.558045696677376468e-02,2.000000000000000000e+00
-3.531839672620601389e-01,6.139201026199901656e-02,7.811707364606008952e-02,-9.859569889860274328e-02,-2.106771953884630788e-01,2.000000000000000000e+00
-4.782335479074397711e-01,1.793638320446764856e-01,-6.494028470108322015e-02,-2.936708019251734608e-02,-5.831870373468679702e-02,2.000000000000000000e+00
-4.929328046998578960e-01,1.562880918383868223e-01,1.629152871648416046e-01,7.203185998123341760e-03,-5.141592780460985113e-02,2.000000000000000000e+00
-4.314912213787901463e-01,6.513487717973377722e-02,3.742452371079355022e-02,3.319777486635800551e-02,-1.700450152504411894e-01,2.000000000000000000e+00
-4.949055015042670980e-01,2.434355678331005801e-01,-6.920898702998931618e-02,-2.426567392110834387e-02,-1.719674962469098511e-01,2.000000000000000000e+00
-5.690013979649155562e-01,2.695684295801735186e-01,2.501735483294168505e-01,-3.551765466253350295e-03,-1.785718050189950556e-01,2.000000000000000000e+00
-4.747677301157374741e-01,2.455679730515734904e-01,1.147594755776634029e-02,-2.974668456355159321e-02,-1.543352680681803202e-01,2.000000000000000000e+00
-5.287452963401135797e-01,4.527536805267294573e-02,-3.592136352642523456e-02,-4.191574227667356489e-02,-1.116451880547177922e-01,2.000000000000000000e+00
-4.224827383142845671e-01,1.763614538336680526e-01,-8.497070123221026061e-03,1.018831348271908022e-01,-8.770172498548176043e-02,2.000000000000000000e+00
-4.122131477414854306e-01,2.104853188403596476e-01,-5.162355416770396388e-02,8.461202238918535262e-04,-2.023340808967316051e-01,2.000000000000000000e+00
-3.335883818779962207e-01,8.662753917270631099e-02,9.209363148217739048e-02,-9.318291373356946128e-02,-1.050288047719419582e-01,2.000000000000000000e+00
-4.251648739673210553e-01,1.057340119179845661e-01,-1.008395788610334520e-01,1.432412894033091300e-01,-1.306521450891901803e-01,2.000000000000000000e+00
-4.985011667240412669e-01,4.512641407327822041e-03,1.525233708592592108e-01,3.543262815567276708e-02,-1.486452619408574205e-01,2.000000000000000000e+00
-4.502897866243397718e-01,4.898375128465602690e-02,2.590657827862306514e-02,9.944352403621059544e-02,-1.999463482258735658e-01,2.000000000000000000e+00
-4.255684285210494799e-01,1.993269249138675536e-01,1.675006200808162315e-01,-3.606346689339927358e-02,-2.140152090112452665e-01,2.000000000000000000e+00
-4.750392227601695216e-01,1.224620702978847370e-01,5.794713258270184353e-02,-1.370396951018470477e-01,-1.902849622353949832e-01,2.000000000000000000e+00
-4.690895502469920597e-01,4.352189250604664161e-02,1.764781273915654869e-01,-1.121424590110676883e-01,-2.282794253989886557e-01,2.000000000000000000e+00
-3.758839434446582528e-01,1.633868505690194151e-01,5.647494181526045709e-02,-3.651016918404390715e-03,-1.511423475359066348e-01,2.000000000000000000e+00
-4.515337449172792117e-01,5.775311368450550265e-02,1.918448513824998758e-01,-3.932186026739308005e-02,-9.019848887633258316e-02,2.000000000000000000e+00
-3.461600180307968788e-01,9.553855089126210565e-02,7.508028000849754913e-02,4.700826765060411166e-02,-1.945440756992647402e-01,2.000000000000000000e+00
-4.993723947957707798e-01,3.299220444142284547e-01,-4.347580681193216612e-03,-7.360839159138042598e-02,-9.537389796085377069e-02,2.000000000000000000e+00
-6.230751393823581452e-01,6.242916153884653374e-02,3.001837700050465768e-02,1.992701692544864012e-02,-8.314013302971172414e-02,2.000000000000000000e+00
-5.122871925660470449e-01,2.136607143889135141e-01,9.475191190771034555e-02,-1.526478368304255429e-01,-2.076897763926981444e-01,2.000000000000000000e+00
-3.632680764695137565e-01,7.126296351464415924e-02,-4.651392426617378950e-02,-6.943283888011707317e-02,-1.304720696602787444e-01,2.000000000000000000e+00
-5.136823184884693472e-01,2.508119152716252742e-01,4.600395881782630425e-02,-9.069029108481706236e-02,-1.854178503263030353e-01,2.000000000000000000e+00
-2.727335947958071660e-01,1.244021248420136283e-01,-4.581406955079990462e-03,-2.099996513897502831e-02,-1.298550284989406778e-01,2.000000000000000000e+00
-4.214012898072039826e-01,1.322466289740414358e-01,-4.007839451451511437e-02,6.083099432630241499e-02,-1.227324893152824115e-01,2.000000000000000000e+00
-4.153236172287370076e-01,1.905407051439720889e-01,2.304206413019817615e-02,4.477753393654951286e-02,-2.044424454475569641e-01,2.000000000000000000e+00
-4.061529745810988912e-01,2.086767157148156637e-01,1.965734890032058008e-02,-8.675567529241764997e-02,-1.898783374623346232e-01,2.000000000000000000e+00
-4.531099802641774810e-01,2.685960349311152240e-01,1.546903755769746813e-01,-8.367136103382277756e-02,-1.647807148921812126e-01,2.000000000000000000e+00
-5.349639015727870595e-01,2.346759286918129184e-01,-4.589951051944347882e-02,7.695299526737885143e-05,-1.405353759535123981e-01,2.000000000000000000e+00
-5.046744974798940131e-01,1.834133614050561800e-01,4.777282595069763660e-02,2.605279692775445965e-02,-1.689600303871116038e-01,2.000000000000000000e+00
-5.273745670080423054e-01,1.446046653242076263e-01,-2.716583783892533022e-02,-1.999549787291021175e-01,-9.617111835997779745e-02,2.000000000000000000e+00
-4.154602569906540310e-01,6.606734867413355250e-02,1.561111260765799813e-01,-3.315633908070077934e-02,-1.563741686412344900e-01,2.000000000000000000e+00
-4.050022365486153908e-01,1.658577645438123471e-01,2.406742879554303605e-02,-4.181392883120208653e-02,-1.329639625661139801e-01,2.000000000000000000e+00
-4.320370340585536484e-01,5.595895311827295271e-02,-4.475209529235808781e-02,2.221168106226918959e-01,-1.955433339091864897e-01,2.000000000000000000e+00
-4.222389556451152659e-01,2.535414889196470623e-01,1.793852746222283634e-01,-7.531590700580460818e-02,-1.757894259047364793e-01,2.000000000000000000e+00
-4.540806420089063544e-01,2.000394001789869147e-01,3.084421001212762914e-02,-8.749524336799301139e-02,-2.441389075989651436e-01,2.000000000000000000e+00
-5.525437009362901275e-01,1.745527592876891521e-01,-1.124524368653720408e-02,2.671530427192751744e-03,-2.316767866111826280e-01,2.000000000000000000e+00
-3.254914642507914513e-01,1.029575130158467966e-01,6.186544068750100822e-02,-5.401001574347935597e-02,-5.328185565474274910e-02,2.000000000000000000e+00
-4.565810160578399612e-01,1.293363911607441075e-01,-2.432240200159120624e-02,5.885024893454948725e-02,-1.751464751801933839e-01,2.000000000000000000e+00
-3.526756888937901402e-01,2.152533005074230843e-01,-2.069229815547692086e-02,-8.136364466512038818e-02,-2.028201306085443412e-01,2.000000000000000000e+00
-5.993530579125830871e-01,2.789274330197720753e-01,1.019146708790989730e-02,-1.332798661374290372e-01,-1.686506972440136032e-01,2.000000000000000000e+00
-4.404110284853804402e-01,1.573091511806867793e-01,-1.645032167873625162e-02,-6.118238625299993010e-03,-1.603308078457892361e-01,2.000000000000000000e+00
-5.076764612083379813e-01,1.731368624898537989e-01,8.550274875911909045e-04,6.699011026809843783e-02,-1.230434508167823487e-01,2.000000000000000000e+00
-5.664362312541265654e-01,8.865389854209788922e-02,1.321909028865412838e-01,-5.740974989392930855e-02,-2.487717943602901771e-01,2.000000000000000000e+00
-4.647432103967958361e-01,8.904022037351745633e-02,3.093534343618138324e-02,7.279304610478409820e-02,-1.092296516861433753e-01,2.000000000000000000e+00
-5.486363658208671668e-01,1.364501525951383465e-01,2.658906262987094371e-02,4.993717168324963290e-03,-1.876424063938732512e-01,2.000000000000000000e+00
-5.774302904783431556e-01,1.820417618825112827e-01,-6.422241741608290810e-02,-8.141049992950483150e-02,-1.811261665383668285e-01,2.000000000000000000e+00
-4.048799928929182612e-01,9.525464843153250150e-02,8.793542268063714307e-02,5.037925085940751779e-02,-1.423364670202542370e-01,2.000000000000000000e+00
-5.521532273637840271e-01,1.702182540940821165e-01,-9.069052181000272772e-02,1.449438566578913068e-01,-8.048733500731401758e-02,2.000000000000000000e+00
-6.521720666937471655e-01,1.617197679447262282e-01,-4.831587557854220838e-02,7.917665856028024973e-02,-2.273933263060555487e-01,2.000000000000000000e+00
-5.970498910128991810e-01,7.898610405196568318e-02,8.406632394973148625e-02,-3.080948836093894833e-02,-1.056506720706285041e-02,2.000000000000000000e+00
-2.770217097089215375e-01,1.184572854407809489e-01,9.989006032701366888e-02,-8.250437439724159217e-02,-2.093168645575979592e-01,2.000000000000000000e+00
-4.179663476872775840e-01,1.392406418540654833e-01,1.139879072151905454e-01,7.492412259884635023e-03,-1.760811684020859025e-01,2.000000000000000000e+00
-3.449508199976131784e-01,1.949015254610212966e-01,1.741395007597550393e-01,-7.978586037680454601e-02,-2.236135908365189939e-01,2.000000000000000000e+00
-3.454288969398206510e-01,1.752713319992803553e-01,1.128379559211035305e-01,-1.970436809063897676e-01,-3.018813105281283327e-01,2.000000000000000000e+00
-4.751196570198523150e-01,2.727660430619273102e-01,-2.937277281710942711e-02,-5.207337670674201668e-02,-9.702778278862023154e-02,2.000000000000000000e+00
-5.754402002678358219e-01,1.187786985192098299e-01,3.026151344741109112e-02,-1.564571850193323121e-01,-6.355518525791675755e-02,2.000000000000000000e+00
-3.114916658909740454e-01,1.527668864955970540e-01,1.433941976761913747e-02,4.714231395289120163e-02,-1.565971482884801758e-01,2.000000000000000000e+00
-3.779166121927288735e-01,1.292754278558959080e-01,1.885607516514588577e-01,4.642311401297483792e-02,-1.965097182009881427e-01,2.000000000000000000e+00
-3.564292200301682478e-01,1.004747926497126520e-01,-1.819665175604729540e-02,-3.317476754289500063e-02,-1.545773603582828171e-01,2.000000000000000000e+00
-5.756459864308957064e-01,1.927186132681575903e-01,-6.697081852631667220e-03,6.303067232261252983e-02,4.647894391780560408e-02,2.000000000000000000e+00
-3.764765526855791133e-01,2.477917173289038988e-01,-1.089672987821511951e-01,4.891406177506851805e-02,-2.909898726821572579e-01,2.000000000000000000e+00
-4.771624356050375715e-01,2.004709410808825643e-01,2.850191428799436419e-02,7.062038738840241414e-02,-1.548602542437484131e-01,2.000000000000000000e+00
-4.218662314974561123e-01,2.361739125074620582e-01,1.123889505946286810e-01,-4.699446146395656193e-02,-1.245550123574065693e-01,2.000000000000000000e+00
-5.113664294979157754e-01,1.391742686854940403e-01,2.225310193736781267e-02,-4.366075350875808780e-02,-2.295090939355717286e-01,2.000000000000000000e+00
-4.394210251421372115e-01,2.353930051452872430e-01,1.115769152506227990e-01,2.405792273980716933e-02,-9.871796340469798925e-02,2.000000000000000000e+00
-3.767772773062530445e-01,2.271635563959639725e-01,3.463295473305859351e-02,-8.577466903391571529e-02,1.652436246255575836e-02,2.000000000000000000e+00
-3.827942065738617061e-01,1.820898209544612179e-01,6.374713463564961324e-03,2.792063664608569057e-02,-2.026142586638883247e-01,2.000000000000000000e+00
-3.233836327670830957e-01,1.974770433435388828e-01,-3.835376509360950703e-03,4.113213312100308383e-02,-1.779136603381595294e-01,2.000000000000000000e+00
-4.702649148578418870e-01,1.338490907136709041e-01,2.998398873638545570e-02,-5.490245520854739741e-02,-1.663171638383166562e-01,2.000000000000000000e+00
-3.631364257703392218e-01,1.634121902157334993e-01,-7.100697436408572039e-03,-5.180036535531546901e-03,-9.770426292602926721e-02,2.000000000000000000e+00
-3.346985940606020393e-01,2.605909692502734742e-01,5.040553249332477975e-02,1.245531768260877900e-02,-1.087275607680879275e-01,2.000000000000000000e+00
-4.719015496434684209e-01,3.126129618570492319e-01,3.803181264499241182e-02,7.162718181159154207e-02,-1.901695084952971515e-01,2.000000000000000000e+00
-5.874899993113755770e-01,1.226092423990575303e-01,2.532493479907822476e-01,1.138805336209062491e-01,-1.236446566625955951e-01,2.000000000000000000e+00
-3.965008286951469674e-01,1.901957756663907040e-01,7.159279311875539620e-02,1.032078481349190668e-01,-1.300569728042957063e-01,2.000000000000000000e+00
-6.193735775848259184e-01,6.709921722969366953e-02,-7.072939953312884498e-02,-3.526229236519458354e-02,-2.365526824259542027e-01,2.000000000000000000e+00
-5.461451084119995913e-01,2.155035920916501535e-01,8.483004137055252802e-02,8.762272690075489923e-02,-2.949943695354482198e-01,2.000000000000000000e+00
-4.718046656822409979e-01,1.877952758971466185e-01,8.483773150316405165e-02,2.083164590743001587e-02,-3.547905079924076888e-02,2.000000000000000000e+00
-4.686443470662338129e-01,1.632729076669254265e-01,5.820564204613307147e-02,-1.596085933108903204e-02,-2.253948851024930589e-01,2.000000000000000000e+00
-5.024410014497519006e-01,9.695024666595519758e-02,-8.105214928184874268e-02,-2.065870117417248353e-02,-1.857678084445940625e-01,2.000000000000000000e+00
-4.278755851221618389e-01,9.752393826768795959e-02,1.940962450399813244e-01,4.460162486821170336e-03,-1.568824079969843577e-01,2.000000000000000000e+00
-5.367051837797232050e-01,1.776955123525205127e-01,-7.690490455134517400e-02,-3.315538800562638222e-02,-2.041708741879924849e-01,2.000000000000000000e+00
-5.145510240915301958e-01,1.519255673940660689e-01,2.398280568545623770e-01,-9.835021167604689196e-02,-2.297045803820445542e-01,2.000000000000000000e+00
-4.957956767286151867e-01,1.868618269800044751e-01,3.549909618141527945e-02,-4.401661520963218166e-02,-2.083591923501249832e-01,2.000000000000000000e+00
-4.359559895660752860e-01,6.960840054340734773e-02,-5.888341392082548087e-02,-2.044905706385727676e-02,-1.343692369489614680e-01,2.000000000000000000e+00
-5.488265120558337706e-01,1.496970294373834443e-01,1.943555794752799548e-01,-1.985265039537897208e-03,-1.825383833379493059e-01,2.000000000000000000e+00
-3.245130010022303502e-01,1.123333846107127665e-01,1.441740120441218839e-02,-4.365076303890162018e-02,-1.118632060935242645e-01,2.000000000000000000e+00
-3.992898819738013305e-01,1.553117277769278659e-01,-9.142020069991843578e-02,-4.180564176129270004e-02,-2.696019914809106854e-01,2.000000000000000000e+00
-6.926556189604132774e-01,2.975655971279622669e-01,1.190633627832619473e-01,-6.096611941790771455e-02,-1.245448049570743038e-01,2.000000000000000000e+00
-4.773244813084402960e-01,1.138395190920719058e-01,4.298248224131200751e-02,-3.179554019986529506e-02,-2.952071670851298679e-02,2.000000000000000000e+00
-4.605896112468203518e-01,1.832789899163292935e-01,7.395892056685093863e-02,-3.005676342207922250e-02,-1.700850337758565423e-01,2.000000000000000000e+00
-5.256621050096920156e-01,2.516258857342661415e-01,-2.742104302217396317e-02,-7.638883101489131466e-02,-2.153541224792242526e-01,2.000000000000000000e+00
-4.665251911524009865e-01,1.885432712958116375e-01,-3.311166443352862865e-02,-3.301274249613569967e-02,-1.828387416290634671e-01,2.000000000000000000e+00
-2.435812714000824830e-01,-3.075336711867587280e-01,-2.090011278146840235e-01,-4.370097286048860163e-01,-1.168568382035619496e-01,3.000000000000000000e+00
-2.480770003175963856e-01,-3.249024554966188361e-01,-2.561854214213861725e-01,-4.119730506143615689e-01,-1.973338323669562300e-01,3.000000000000000000e+00
-2.274669559307154199e-01,-4.566132575539937344e-01,-2.874512771114981491e-01,-2.124464763053553473e-01,-1.013786401362094941e-01,3.000000000000000000e+00
-1.927862557227124074e-01,-3.058550290080858658e-01,-2.005810798251940752e-01,-3.425856477652294285e-01,-3.126429617147389317e-01,3.000000000000000000e+00
-2.718913798239661617e-01,-4.373325370725033023e-01,-2.652103854665490701e-01,-3.394308246764193848e-01,-3.672797081995032853e-02,3.000000000000000000e+00
-1.510272636842836802e-01,-2.007283776705459100e-01,-3.009738487884926483e-01,-3.737224752186825150e-01,-2.829385873435372734e-01,3.000000000000000000e+00
-3.735186983672043048e-01,-3.049782425993934898e-01,-1.770431816213536291e-01,-4.379064643642597288e-01,-8.596373691017020202e-02,3.000000000000000000e+00
-3.139446283722180375e-01,-3.821124851372261766e-01,-2.504263120710599200e-01,-3.335284647239586953e-01,-3.116856849482070868e-01,3.000000000000000000e+00
-1.317748022054869572e-01,-4.106543280306470534e-01,-2.971033554420655642e-01,-3.332305232373867776e-01,-2.947589975926617756e-02,3.000000000000000000e+00
-2.874832922065713170e-01,-2.823101484704972908e-01,-2.493585193033874270e-01,-5.083098439458650919e-01,-2.590538452032468686e-01,3.000000000000000000e+00
-1.573371900210521479e-01,-2.706789336762523979e-01,-2.636984531821277011e-01,-3.854454920724598166e-01,-1.175052842558742955e-01,3.000000000000000000e+00
-1.777827786262292098e-01,-3.404206459871047530e-01,-3.132273699082885887e-01,-4.538024783044255495e-01,-1.269852190694226168e-01,3.000000000000000000e+00
-2.686030421776789967e-01,-3.007486838523824590e-01,-1.834976942774044217e-01,-2.661042172198581079e-01,-9.055466759545131861e-02,3.000000000000000000e+00
-2.502600457070501827e-01,-2.421328934047420889e-01,-2.737913406391941362e-01,-2.637267522997190361e-01,-2.504679579380379439e-01,3.000000000000000000e+00
-1.798153813392973643e-01,-2.279139459480253038e-01,-3.232011775339000414e-01,-3.076578294328799479e-01,-1.277961999713262686e-01,3.000000000000000000e+00
-4.043534969028587112e-01,-2.623458052542718133e-01,-3.049160663240878533e-01,-4.389908712961950177e-01,-2.298304158076656667e-01,3.000000000000000000e+00
-1.674299293645924724e-01,-3.038590559385605516e-01,-2.102781702219503057e-01,-5.009403253839767034e-01,-1.815815016656265601e-01,3.000000000000000000e+00
-3.012342228998107219e-01,-3.123187221441360295e-01,-2.984163442838780878e-01,-3.991768100803343433e-01,-1.145360079937673831e-01,3.000000000000000000e+00
-3.036532014789467548e-01,-2.766144718731860519e-01,-3.115693652673933167e-01,-3.529622015621174391e-01,-1.772018641927061433e-01,3.000000000000000000e+00
-2.901983219459411956e-01,-3.561146416646499002e-01,-1.119851918762600901e-01,-3.448529769503184683e-01,-2.015302283090494306e-01,3.000000000000000000e+00
-3.331346706221316456e-01,-3.328515800279468473e-01,-1.799982820396478500e-01,-3.400110758920259491e-01,-1.408308492930917255e-01,3.000000000000000000e+00
-4.456322927229530717e-02,-4.008982788352503102e-01,-1.842108041082267111e-01,-3.774916849593859536e-01,-1.372242711525956671e-01,3.000000000000000000e+00
-2.420670659186361928e-01,-4.295681073085629853e-01,-3.978045918848993612e-01,-3.558130286092323624e-01,-3.456253918242461753e-01,3.000000000000000000e+00
-1.004150562405136810e-01,-4.284428837069896856e-01,-1.723110700258368710e-01,-5.255866283431021024e-01,-4.539898157632410447e-02,3.000000000000000000e+00
-1.207165588290484981e-01,-2.759477663439429684e-01,-1.947489488187506834e-01,-4.100405930500307661e-01,-2.490063917840267815e-01,3.000000000000000000e+00
-1.326768749953515236e-01,-3.020952592116128987e-01,-2.284400384100124248e-01,-3.797152887390807807e-01,-1.460065771050396144e-01,3.000000000000000000e+00
-1.691198579698089677e-01,-3.421262803739453795e-01,-1.183526322308529333e-01,-1.919868342492605240e-01,-1.269214329913890826e-01,3.000000000000000000e+00
-2.290400488806007551e-01,-3.141207002589503916e-01,-1.910026641859512431e-01,-4.294213532842490189e-01,-1.891013615916201374e-01,3.000000000000000000e+00
-2.130303589170594869e-01,-2.302819376134249696e-01,-2.245365729842408731e-01,-3.237195824418003798e-01,-3.498153201598748208e-01,3.000000000000000000e+00
-2.770750551516759086e-01,-2.271986171032348567e-01,-1.531077118670977899e-01,-4.364093362218695593e-01,-2.902970112955636228e-01,3.000000000000000000e+00
-3.237938871422013087e-01,-2.287188952192331926e-01,-3.085662159778466140e-01,-2.539272558989317252e-01,-2.106004970918740060e-01,3.000000000000000000e+00
-2.082003778960987983e-01,-2.877622876108729688e-01,-2.396563310033467675e-01,-3.031628934283514543e-01,-2.507739523566867579e-01,3.000000000000000000e+00
-6.790067276328934365e-02,-3.414506013687097497e-01,-2.121797040704503645e-01,-3.498769300331140419e-01,-2.507579533773015568e-01,3.000000000000000000e+00
-1.366876304608996839e-01,-3.500873631849952261e-01,-2.453635273982746889e-01,-4.502807562577526013e-01,-2.281434325698571963e-01,3.000000000000000000e+00
-7.600801725961739419e-02,-3.065842204121968506e-01,-1.013645705821063087e-01,-4.428937354622536349e-01,-2.276213736080225924e-01,3.000000000000000000e+00
-3.377966868595859151e-01,-3.683714432607909650e-01,-2.862312477563306867e-01,-4.804298407121161407e-01,-3.723912779286296937e-01,3.000000000000000000e+00
-2.252694007325674042e-01,-2.380399730668702751e-01,-2.933916520209821632e-01,-4.030310276395888125e-01,-2.914247970011449862e-01,3.000000000000000000e+00
-2.286223927034273240e-01,-3.429112773716794238e-01,-2.058362050340719895e-01,-3.204568055264268578e-01,-1.558813092441769244e-01,3.000000000000000000e+00
-2.260882382235930299e-01,-5.216219900767491424e-01,-1.939259930685565680e-01,-5.613317479913809693e-01,-1.264816841870352593e-01,3.000000000000000000e+00
-2.033281527288318125e-01,-2.862377850047450045e-01,-4.118619428479125544e-01,-3.214629362899104059e-01,-1.976729942002956597e-01,3.000000000000000000e+00
-7.788101732269478439e-02,-2.968582865287216488e-01,-2.899917041969173881e-01,-3.833831578185729616e-01,-1.857906329895665509e-01,3.000000000000000000e+00
-9.378756234281523940e-02,-2.491938462093095663e-01,-2.142832392453608015e-01,-3.541408323742564201e-01,-2.721798668774956798e-01,3.000000000000000000e+00
-1.950222963888373351e-01,-3.502062869239150333e-01,-1.903882797489379053e-01,-3.327680455863711861e-01,-3.475746067119486193e-01,3.000000000000000000e+00
-1.607067163693560730e-01,-2.829868835241603486e-01,-1.484985112586446332e-01,-3.117332720078390684e-01,-2.528359605698844992e-01,3.000000000000000000e+00
-2.570439466000085105e-01,-3.411080497488699348e-01,-1.954323785721457096e-01,-3.769470623004230747e-01,-1.458397432722587095e-01,3.000000000000000000e+00
-2.676968954197647688e-01,-2.305390351773787816e-01,-1.486969155780640262e-01,-5.291467471023261204e-01,-3.244133786898288907e-01,3.000000000000000000e+00
-1.018213700178581954e-01,-2.902213075769834449e-01,-2.966771576523937193e-01,-3.652766961966165682e-01,-4.244408605407772317e-01,3.000000000000000000e+00
-2.555355209458724519e-01,-3.669905771403337846e-01,-2.230458089917861653e-01,-3.394218482723208585e-01,-1.137252497495438164e-01,3.000000000000000000e+00
-1.849829794447829245e-01,-2.501350038740739468e-01,-2.868917552806827254e-01,-5.105034867868819548e-01,-1.627205713613074645e-01,3.000000000000000000e+00
-1.086599715899425334e-01,-3.001340209028987571e-01,-2.821836516181043253e-01,-4.049306369204949685e-01,-2.319517097859004617e-01,3.000000000000000000e+00
-2.007175824815801701e-02,-2.824509065921533280e-01,-2.347226767511415568e-01,-5.660071882362130991e-01,-1.332545077976456382e-01,3.000000000000000000e+00
-2.172022391601013680e-01,-2.581686220151141464e-01,-2.597394735544977795e-01,-5.700272489571374113e-01,-3.298848321977724263e-01,3.000000000000000000e+00
-2.654034453151693507e-01,-2.575007774859235377e-01,-1.336109985562685121e-01,-5.071507146583418280e-01,-2.808857863637501673e-01,3.000000000000000000e+00
-1.890545766563727914e-01,-1.962246108365333641e-01,-1.882207852215659616e-01,-4.746894814275660623e-01,-3.057120780509921532e-01,3.000000000000000000e+00
-2.198790210896141017e-01,-2.921078684125362757e-01,-1.858967018024912932e-01,-3.612927491025520466e-01,-1.897439536994597331e-01,3.000000000000000000e+00
-1.507047407060723432e-01,-2.539786432937703453e-01,-1.856771295707966563e-01,-4.028684976831332087e-01,-3.877307147145611088e-01,3.000000000000000000e+00
-1.504005872123518606e-01,-1.708388690122484843e-01,-2.565940120947065028e-01,-4.243681511388467387e-01,-1.336957486055839750e-01,3.000000000000000000e+00
-1.536116993863892444e-02,-3.468271627577158567e-01,-2.187675608470467103e-01,-4.872198893874202241e-01,-1.901239097022231483e-01,3.000000000000000000e+00
-1.379691621729249307e-01,-3.313344018849745942e-01,-1.633154367932459772e-01,-4.464052237024880854e-01,-3.806625228082080037e-01,3.000000000000000000e+00
-1.273562664875899364e-01,-3.424187783161035115e-01,-9.805560598149508367e-02,-4.112237150707244160e-01,-2.002609393038635721e-01,3.000000000000000000e+00
-1.686815636932089413e-01,-4.094398821324802262e-01,-3.232349061036815518e-01,-4.963769915828207258e-01,-2.974117233137540395e-01,3.000000000000000000e+00
-2.450382538749641403e-01,-3.198106065754324212e-01,-3.632436347596944559e-01,-3.437096276796313132e-01,-2.208676061853330763e-01,3.000000000000000000e+00
1.881674420271589598e-02,-3.901633174233923862e-01,-2.578757903282462571e-01,-3.788657836689570679e-01,-2.359359076559756074e-01,3.000000000000000000e+00
-3.063035677899750842e-01,-2.938473983754679719e-01,-1.941255125197831333e-01,-4.779712302147033909e-01,-8.180736351276174378e-02,3.000000000000000000e+00
-2.130400496027838042e-01,-2.650199187072155294e-01,-1.455387205933383332e-01,-4.691810636112593857e-01,-1.528726039401419046e-01,3.000000000000000000e+00
-1.299060034362433114e-01,-2.927294799510519741e-01,-1.345597233032492235e-01,-4.850551077264192990e-01,-2.628896810028495956e-01,3.000000000000000000e+00
-1.175189870260539837e-01,-2.284502889821006522e-01,-1.082265862427753966e-01,-4.903688462766062628e-01,-2.280721900296340532e-01,3.000000000000000000e+00
-1.849151715451170519e-01,-2.073993686106495593e-01,-1.239606279421105461e-01,-4.260621362864527861e-01,-4.518989615979623897e-02,3.000000000000000000e+00
-1.655068440937909335e-01,-2.597725595588198932e-01,-2.149079626516386399e-01,-3.776263222339226733e-01,8.225154547651797321e-03,3.000000000000000000e+00
-1.379215589483671345e-01,-4.377665445781240283e-01,-1.673966366810181183e-01,-3.946261205668301630e-01,-2.021547887908938801e-01,3.000000000000000000e+00
-3.420202823108412504e-01,-3.384318518592194236e-01,-4.012219490136626487e-01,-3.767608575253317826e-01,-1.660190822294155266e-01,3.000000000000000000e+00
-2.693075791847195921e-01,-3.626708399782049286e-01,-1.489261977144745730e-01,-4.955918212220217223e-01,-9.655475812454067386e-02,3.000000000000000000e+00
-1.960789859829500381e-01,-2.742418690350252319e-01,-1.116869058606822229e-01,-3.917108838602974541e-01,-1.974884143491304200e-01,3.000000000000000000e+00
-3.331106652735418838e-01,-1.985665905485039517e-01,1.372765547354471427e-01,4.771449798662268371e-01,-2.766253202782860687e-01,4.000000000000000000e+00
-2.701421170623694579e-01,-3.121149947351212206e-01,-2.549622831695931569e-02,3.890906327630441752e-01,-2.665880579672898487e-01,4.000000000000000000e+00
-5.100841598913130603e-01,-1.959276853208708202e-01,1.148990481878024439e-01,5.337937581805672904e-01,-3.061113097169629871e-01,4.000000000000000000e+00
-4.884267430491912032e-01,-2.742082881077482215e-01,9.902191291773169979e-02,4.095547521941395042e-01,-3.413286947593981990e-01,4.000000000000000000e+00
-5.125370293342659256e-01,-5.742604614994228918e-02,4.257756004808180283e-02,3.514535393681091358e-01,-3.250849262069415713e-01,4.000000000000000000e+00
-4.076995472787471320e-01,-2.139323794163300874e-01,-1.158765368113553323e-02,3.785212592763467221e-01,-1.791928254167049761e-01,4.000000000000000000e+00
-2.839012953379523307e-01,-2.348967224374211293e-01,2.703555050113373021e-02,2.348371827292398684e-01,-2.293507022237558091e-01,4.000000000000000000e+00
-4.113814223173323792e-01,-1.540303846985815739e-01,1.008495590276999587e-01,3.284102174758715686e-01,-2.740122741972293441e-01,4.000000000000000000e+00
-3.690166610468660902e-01,-2.073217936018844076e-01,3.571400613002008451e-02,4.043826249808990525e-01,-1.794398359835392975e-01,4.000000000000000000e+00
-3.617450901847613087e-01,-2.703387559634686244e-01,1.036033859813648150e-01,3.165841141733403696e-01,-1.676708611641287705e-01,4.000000000000000000e+00
-3.636458707828778558e-01,-7.709098419636153943e-02,7.276880574124655610e-02,3.752494775339538235e-01,-2.501209835861805675e-01,4.000000000000000000e+00
-6.306358244496899079e-01,-9.460107946611989727e-02,1.004598724897419471e-01,3.857016521770752493e-01,-4.106905834543215228e-01,4.000000000000000000e+00
-4.287178867699419360e-01,-1.086985050524638119e-01,-4.893661365667836827e-02,3.932756418704358992e-01,-2.153854770245364203e-01,4.000000000000000000e+00
-3.290664733444367829e-01,-2.402480193081791282e-01,-6.506119791828982035e-02,3.022105796744490869e-01,-1.999905196789371620e-01,4.000000000000000000e+00
-3.852050933778402575e-01,-1.893950249030079414e-01,1.318795803327209304e-02,3.277764089893151489e-01,-3.754640386100397409e-01,4.000000000000000000e+00
-3.970027855367501135e-01,-8.717474520853656095e-02,4.878148873110922656e-02,5.392174035185119951e-01,-2.651950897504664062e-01,4.000000000000000000e+00
-4.150037533755404628e-01,-1.430289286367441570e-01,-1.048527178660108028e-02,2.877280910841663042e-01,-1.282620723321931944e-01,4.000000000000000000e+00
-4.525775704484697459e-01,-1.849623964115115204e-01,1.391283677673962882e-01,4.166798283805839276e-01,-3.521950836269246987e-01,4.000000000000000000e+00
-4.314119109719344869e-01,-2.693627198194596950e-01,5.339893006249842727e-02,1.918810205466578156e-01,-2.172043210308942374e-01,4.000000000000000000e+00
-2.663004517255710413e-01,-2.219742077374473044e-01,6.207890853917270857e-02,2.462285651995858582e-01,-2.677580742837616934e-01,4.000000000000000000e+00
-4.798772128353412381e-01,-2.892535661489123444e-01,3.710030563992346153e-02,3.522785497865936200e-01,-3.982700609440417705e-01,4.000000000000000000e+00
-3.420434957328007397e-01,-8.983289991647666617e-02,1.718778318577462993e-01,3.595450018763203248e-01,-3.233495576360038704e-01,4.000000000000000000e+00
-3.588060656374087443e-01,-5.538667363698707158e-02,2.823487730947405600e-02,4.802817401583851509e-01,-3.463888232198910067e-01,4.000000000000000000e+00
-4.418655333221255255e-01,-2.833639152861530119e-01,-7.394519603040890232e-03,4.708510127988456140e-01,-3.207189130005646538e-01,4.000000000000000000e+00
-4.576643192094919099e-01,-1.427692924806221730e-01,1.881130933989234866e-02,4.058403729964187856e-01,-2.237825726503834545e-01,4.000000000000000000e+00
-4.027604070231146083e-01,-1.667917224678312771e-01,1.194722000776771570e-01,4.159242784173674545e-01,-2.897603938610759378e-01,4.000000000000000000e+00
-3.282927037545556037e-01,-1.659692289213533789e-01,2.363770054941287391e-02,3.669939625357789836e-01,-3.112585088958563784e-01,4.000000000000000000e+00
-5.143726743354560815e-01,-1.519260687171435364e-01,6.286413665154264030e-02,4.595904759294863196e-01,-2.437262821451260941e-01,4.000000000000000000e+00
-3.646005616560240026e-01,-2.346330090981603445e-01,-9.229503635891297963e-02,4.333918875646799451e-01,-3.365593902563474571e-01,4.000000000000000000e+00
-2.539195279716569553e-01,-2.902664354609229558e-01,1.934304883557824359e-02,2.737243630533928718e-01,-3.319268815016316876e-01,4.000000000000000000e+00
-4.832200305984161726e-01,-2.299352143854966057e-01,1.130830717247250372e-01,2.918828917398780254e-01,-2.647136967502682903e-01,4.000000000000000000e+00
-2.466436944503571094e-01,-2.477342876323111176e-01,9.513158963435121296e-02,3.492877362038394051e-01,-4.784379458572872723e-01,4.000000000000000000e+00
-3.460988610804586196e-01,-3.277396984469405639e-01,1.974889373246866420e-01,4.122320635005973788e-01,-1.993293475548099936e-01,4.000000000000000000e+00
-3.496802232675725319e-01,-1.864862771474584680e-01,1.094361002248816772e-01,3.699742763549065949e-01,-3.247801882397959305e-01,4.000000000000000000e+00
-5.814242217405304336e-01,-2.532741681097634978e-01,-9.827798082713418149e-04,3.216875359203774654e-01,-3.761224226880819366e-01,4.000000000000000000e+00
-3.068701384725462389e-01,-1.688194548307293819e-01,8.975137411520825448e-02,3.453764974585948888e-01,-2.856901082793833480e-01,4.000000000000000000e+00
-3.871046595735783136e-01,-2.404758740292931296e-01,-2.714559205781474915e-02,4.885360420159726158e-01,-2.392805683172614106e-01,4.000000000000000000e+00
-4.368754906790418002e-01,-2.112712517178165772e-01,1.471154168598161061e-01,4.561327155346756035e-01,-2.688363312648807679e-01,4.000000000000000000e+00
-2.692147948249457023e-01,-1.644080801426289207e-01,7.010932063156519178e-03,2.602247549289612438e-01,-2.921916243628405185e-01,4.000000000000000000e+00
-4.741332080631079915e-01,-3.876053288514483830e-01,9.870078615050374704e-02,1.549759761727024232e-01,-3.841419530264122972e-01,4.000000000000000000e+00
-3.686358209668941788e-01,-1.640998494474016911e-01,1.388934485710413558e-01,3.406713732243519255e-01,-3.005885468892571799e-01,4.000000000000000000e+00
-3.416934597546698038e-01,-1.578801851353431596e-01,8.547008590310925524e-02,5.694220082403752548e-01,-2.180105776375541038e-01,4.000000000000000000e+00
-3.383437249136928004e-01,-2.728170282771956723e-01,9.352242663598210604e-02,3.148851061472826007e-01,-2.410033734803411765e-01,4.000000000000000000e+00
-2.807365029831255243e-01,-3.520094753071765226e-01,6.422745349235289836e-02,3.842486610390966062e-01,-2.513867224798166933e-01,4.000000000000000000e+00
-5.642979462476607200e-01,-2.505621758603112093e-01,1.025721978459168682e-01,4.403639341981575583e-01,-2.045146768811604843e-01,4.000000000000000000e+00
-3.219496771431081261e-01,-1.722660788755049077e-01,1.214568261827959766e-01,4.093115386056441762e-01,-3.082992056481190235e-01,4.000000000000000000e+00
-3.529166531436726539e-01,-2.055807404000601080e-01,2.653556210407109067e-02,4.363107289147168388e-01,-3.237655823406439537e-01,4.000000000000000000e+00
-3.761914801197038249e-01,-2.583133826832896274e-01,-4.713840955721101955e-02,3.252688745234900702e-01,-2.349618049635557315e-01,4.000000000000000000e+00
-3.922461602148357707e-01,-5.376734902347529710e-02,7.143908446594932071e-02,2.418579946445544304e-01,-2.724889510349587374e-01,4.000000000000000000e+00
-3.895339518196051509e-01,-1.256041284812773329e-01,-5.138493563272307496e-02,3.931377085759258927e-01,-3.187773790747069902e-01,4.000000000000000000e+00
-5.371768220357270307e-01,-2.051462487150830516e-01,6.443744591811020883e-02,4.054208910259682330e-01,-3.270746264122040281e-01,4.000000000000000000e+00
-2.158048498661077619e-01,-1.913807054077430181e-01,-5.831668163968978247e-02,4.303679061264589212e-01,-3.394374656534510093e-01,4.000000000000000000e+00
-3.585348082460115271e-01,-1.040693623833420373e-01,-2.073132894591309117e-03,4.767503518931186512e-01,-1.630051179709927911e-01,4.000000000000000000e+00
-4.986602371937113309e-01,-2.192516321434931081e-01,5.528310923324451787e-02,3.350949823075178857e-01,-2.486176530219088021e-01,4.000000000000000000e+00
-3.452582173551152489e-01,-1.948714121862697990e-01,-4.633135959368764323e-02,2.623514874519326523e-01,-4.630247775878517102e-01,4.000000000000000000e+00
-5.498618047312949786e-01,-1.633861080843673763e-01,8.442284953292264471e-02,3.104650648801030033e-01,-4.265042393668327936e-01,4.000000000000000000e+00
-4.806426996901187465e-01,-1.722057287933566327e-01,1.012357353005473165e-01,2.908400849113737530e-01,-2.479009778507028916e-01,4.000000000000000000e+00
-3.849056922447918194e-01,-2.649931859525679889e-01,-8.859985556082902725e-02,2.943892151178899574e-01,-3.513928822648368366e-01,4.000000000000000000e+00
-3.494115123768576359e-01,-2.266363923617476794e-01,4.942373861431207521e-02,1.702768625117813128e-01,-2.644438132324776758e-01,4.000000000000000000e+00
-4.624626819469950245e-01,-2.477660631545335335e-01,5.022385116669455390e-02,4.190244910538434842e-01,-1.936306899504888768e-01,4.000000000000000000e+00
-3.201138977702918664e-01,-2.148491536549448633e-01,-1.806994277762197232e-02,3.609934904469082606e-01,-3.985659822586772316e-01,4.000000000000000000e+00
-4.001430337377602786e-01,-2.341858588865652346e-01,3.587888087024977690e-02,5.758420264942255562e-01,-2.854115141082114171e-01,4.000000000000000000e+00
-3.112548693443660808e-01,-2.481061672550924913e-01,2.614567279614590442e-02,2.841902980812439083e-01,-3.432902314969035196e-01,4.000000000000000000e+00
-4.633910825127352529e-01,-3.022702239033252525e-01,-6.976922701574872487e-02,3.599641109507349390e-01,-2.738784694717743551e-01,4.000000000000000000e+00
-3.984657086919722313e-01,-1.162696098479727436e-01,-6.659939610616284755e-02,4.306191207434919566e-01,-1.944734136629854282e-01,4.000000000000000000e+00
-2.673450619283470608e-01,-9.430845883884959868e-02,1.587740276187385099e-02,2.958785815726140411e-01,-2.462195635515927739e-01,4.000000000000000000e+00
-4.432489001258039796e-01,-1.564892262638160614e-01,8.341738866872897007e-02,3.788228709326457166e-01,-3.430357494079199765e-01,4.000000000000000000e+00
-4.144516432334242606e-01,-2.606386970536290204e-01,1.217499251532274673e-01,4.572303460693154520e-01,-3.749458324825084565e-01,4.000000000000000000e+00
-5.081416975351911169e-01,-1.714382318928040771e-01,7.800935640596870502e-02,4.121100195357397244e-01,-5.276590963105070031e-01,4.000000000000000000e+00
-3.318688666989204616e-01,-1.599359335299128104e-01,3.511815184209771817e-02,2.216952101225844185e-01,-3.083168106058766789e-01,4.000000000000000000e+00
-2.145350210475613362e-01,-5.076238953047562674e-01,4.751419710110543759e-01,1.035092972491296337e-01,-2.810602366558641596e-01,5.000000000000000000e+00
1.594376704900390962e-01,-5.057440230956987692e-01,2.453632498545372242e-01,1.123835562049169817e-01,-2.822887797016470635e-01,5.000000000000000000e+00
1.448037375293776963e-01,-5.577746638514669009e-01,4.775721386629144249e-01,1.452906702342412343e-02,-3.987035432474418384e-01,5.000000000000000000e+00
-8.400008453847121470e-02,-4.431265061098996760e-01,4.915099831198587732e-01,1.994614237045587435e-02,-2.914323825779612798e-01,5.000000000000000000e+00
1.032623112097429269e-01,-5.561917695293647768e-01,3.500611957301505983e-01,4.261235119387225823e-02,-3.062984130828332874e-01,5.000000000000000000e+00
2.306462337226029835e-01,-3.878085797329487439e-01,2.772381292032912170e-01,-2.195114926354455043e-02,-2.378356092684897893e-01,5.000000000000000000e+00
-1.218899801126057669e-01,-4.206511447860047936e-01,3.616314191110623910e-01,-1.745986626928036634e-02,-4.298816631176847203e-01,5.000000000000000000e+00
6.428853607387202684e-02,-6.295284167148453847e-01,3.371363577268881584e-01,1.194838268036892553e-01,-3.856335774118009319e-01,5.000000000000000000e+00
1.740807479798274215e-01,-6.164044828954574617e-01,3.483341050358990665e-01,1.163633642518669548e-01,-3.860509690705767882e-01,5.000000000000000000e+00
-8.831389298574432445e-02,-5.878335343322229622e-01,3.615459585907293549e-01,-6.910869923830995076e-02,-3.362301450733159447e-01,5.000000000000000000e+00
2.753814322666366943e-01,-5.635409995193071397e-01,3.793131043782390077e-01,4.352897577848323374e-02,-3.532997688215565590e-01,5.000000000000000000e+00
1.162113605020454465e-01,-4.852894550691387865e-01,4.224832868527800822e-01,8.332951657977782922e-02,-4.005717570991573773e-01,5.000000000000000000e+00
-2.333063382091364601e-02,-4.512737820540165812e-01,3.846111982934982687e-01,6.413294836800523258e-02,-3.194801421210297643e-01,5.000000000000000000e+00
5.822042252298285925e-02,-4.097805422334575565e-01,4.042712181332953625e-01,3.198623571423154371e-02,-4.049353364704099678e-01,5.000000000000000000e+00
6.954730415252297071e-02,-6.227891220169565756e-01,4.511131085624433545e-01,8.154812404666761383e-02,-4.298320027843918756e-01,5.000000000000000000e+00
1.757302702394432647e-01,-3.594450200669759288e-01,3.821997971078016643e-01,8.732965448857243906e-02,-3.654693142785133686e-01,5.000000000000000000e+00
1.058746250664529959e-01,-5.980972214158422062e-01,3.821600714196995430e-01,4.979719631753443815e-02,-3.294928751082031315e-01,5.000000000000000000e+00
1.600162482242921680e-01,-3.794963407080077511e-01,4.317989886649143960e-01,7.125914709211222942e-02,-2.637578915387551182e-01,5.000000000000000000e+00
5.084466452272766446e-02,-4.853710606252386595e-01,4.484684568050256726e-01,3.057040311555778503e-02,-3.190569195574846639e-01,5.000000000000000000e+00
-1.246843315029200205e-02,-5.292071187712317215e-01,4.076060352376353890e-01,-2.999108472386975699e-02,-3.795656006712191388e-01,5.000000000000000000e+00
4.891633041452098790e-02,-4.025148875851299324e-01,3.326903840524391698e-01,5.520997969355920243e-02,-4.367964815741014473e-01,5.000000000000000000e+00
-8.148800679707329797e-03,-4.736367783747574278e-01,4.585294428321847748e-01,7.528901092444875709e-02,-3.931048299380985878e-01,5.000000000000000000e+00
2.132011063865563161e-01,-5.335259175548482391e-01,3.030541536516264678e-01,1.060571298341095592e-01,-3.088541184327422418e-01,5.000000000000000000e+00
2.684652952796729997e-01,-3.862651861021008104e-01,3.940968271803557132e-01,8.730020277832536979e-02,-2.432910093139956098e-01,5.000000000000000000e+00
6.124989496044433435e-02,-4.533663493321498650e-01,4.651557998907482894e-01,2.053565632465658569e-02,-3.298283726441962882e-01,5.000000000000000000e+00
1.389053209770621800e-01,-6.440924558542426848e-01,3.883856810380332258e-01,-7.826582924830446930e-02,-3.555761516005649936e-01,5.000000000000000000e+00
1.815596462250061438e-01,-3.861658750487323988e-01,3.157158904431572877e-01,-4.084026066214963002e-02,-2.308310571576876746e-01,5.000000000000000000e+00
1.267001849673004277e-01,-5.024567132706674322e-01,4.710915961194065971e-01,6.223392592925724304e-02,-3.128184297131429981e-01,5.000000000000000000e+00
9.033317482733256576e-02,-3.940396198141051798e-01,3.990110732163084650e-01,5.089640957885671613e-02,-3.367888952959694482e-01,5.000000000000000000e+00
1.035701520526770558e-01,-5.263190290353676470e-01,3.962328797226095101e-01,8.848373119991313762e-02,-3.681479978166671274e-01,5.000000000000000000e+00
3.490871020009417292e-03,-4.607587584817441906e-01,4.703756759866538073e-01,3.169581883538293010e-02,-2.968914424113726636e-01,5.000000000000000000e+00
3.983156373030578151e-02,-5.212584544208226367e-01,3.803234040549345885e-01,-3.509696234707805618e-02,-4.067646138630219288e-01,5.000000000000000000e+00
8.089625028815310148e-02,-3.395338008737599500e-01,4.823673593607500920e-01,9.938683835568569436e-02,-3.492025119448287085e-01,5.000000000000000000e+00
-7.094358948181864188e-02,-5.136494052054231263e-01,3.750196201314327515e-01,1.606355002390107839e-02,-3.162853237144236940e-01,5.000000000000000000e+00
2.452624040176944464e-01,-4.587030895871574976e-01,3.962643222060894810e-01,1.074445421831530800e-01,-4.419666315360998854e-01,5.000000000000000000e+00
3.230426204182606370e-02,-4.681374136476952330e-01,4.444728009222397858e-01,3.683959898699702001e-02,-3.399369733085944034e-01,5.000000000000000000e+00
1.189573036230402170e-01,-4.588061388689080866e-01,3.806001940756187363e-01,2.097693274673441410e-02,-3.260002954599812708e-01,5.000000000000000000e+00
-4.157546334012490741e-02,-3.975376612993419823e-01,4.800618867098385145e-01,6.021774995887412690e-02,-3.170972894006719445e-01,5.000000000000000000e+00
9.231470739292226002e-02,-3.902348787638705296e-01,5.319990533301119928e-01,5.799481814731006352e-02,-2.215822996669123968e-01,5.000000000000000000e+00
2.738430989514716307e-01,-4.636289282886214558e-01,3.144500392120466170e-01,3.874282886912291946e-02,-4.081357975927041304e-01,5.000000000000000000e+00
1.374828454531654698e-01,-4.802812725298200025e-01,3.536708815642798931e-01,6.467145098743028175e-03,-3.197011106189389107e-01,5.000000000000000000e+00
4.966259616164198781e-02,-4.479487304177920404e-01,4.137687854165030821e-01,-2.689981663917695442e-02,-1.927823487942031955e-01,5.000000000000000000e+00
8.961158548033833215e-02,-4.036879331690041983e-01,2.437389887929071741e-01,1.257384887496581366e-02,-4.315821933853312142e-01,5.000000000000000000e+00
2.544621002286752143e-01,-5.160529002547008526e-01,4.374115469660793121e-01,8.104930744255514630e-02,-3.645714426459933377e-01,5.000000000000000000e+00
-3.654448615880447060e-02,-4.998884835431309237e-01,3.745864504318475730e-01,3.993266629146943053e-02,-3.939710410960863829e-01,5.000000000000000000e+00
1.801137693624796365e-01,-4.568421857293392674e-01,4.479379415546613785e-01,1.465680529064032345e-01,-2.985144686717909890e-01,5.000000000000000000e+00
1.760361896730885944e-02,-5.049188054523500169e-01,3.742868016742736947e-01,-1.281144820686393737e-01,-2.346461500521673238e-01,5.000000000000000000e+00
1.180671094784720154e-02,-3.602295525501541529e-01,4.101747820582126169e-01,4.213616186040406580e-02,-2.754989006402624452e-01,5.000000000000000000e+00
7.689696115890803929e-02,-4.192415018183837105e-01,4.456629016487441697e-01,1.927079260424858498e-01,-3.856986856506714467e-01,5.000000000000000000e+00
5.720958439173202958e-02,-4.080159257213768487e-01,4.010044641545978950e-01,4.256232505862775350e-02,-3.128157283896789154e-01,5.000000000000000000e+00
9.277859533651049151e-02,-6.258290731299496201e-01,3.530358748128293866e-01,1.926572131268939891e-01,-3.316742556815094889e-01,5.000000000000000000e+00
1.390186008436856968e-02,-4.980455489359845722e-01,4.439557803378458845e-01,6.427174742512990757e-02,-4.594477728086907575e-01,5.000000000000000000e+00
1.581212902377907570e-01,-4.301035447258306776e-01,4.147708885989855876e-01,-1.798999900186974699e-02,-4.334007510357778536e-01,5.000000000000000000e+00
2.397310353093003166e-02,-4.235084586410522434e-01,3.430595234766338208e-01,6.340039334822213102e-02,-4.028555482529755927e-01,5.000000000000000000e+00
2.211358662649891282e-01,-5.651301435551947527e-01,2.892729617686046195e-01,3.470907501437060783e-02,-2.926780277402598607e-01,5.000000000000000000e+00
-1.209388475374573169e-02,-5.222296921693271310e-01,4.287994610288037300e-01,4.403900004866679457e-02,-5.139204191888901985e-01,5.000000000000000000e+00
5.013158070276857448e-03,-4.621416619889575639e-01,2.687798869292390425e-01,4.293298076755833192e-02,-3.593840111228800427e-01,5.000000000000000000e+00
-1.647557951441026847e-02,-4.459132493778104611e-01,2.780600114486654340e-01,1.163673694266484371e-01,-3.267204923944941886e-01,5.000000000000000000e+00
1.280255055702466949e-01,-4.723234013112166951e-01,4.191456318200631470e-01,8.354425995068007205e-02,-2.983053626505639544e-01,5.000000000000000000e+00
-1.757661391137176066e-02,-4.790950051736696524e-01,5.577091074761466594e-01,7.869146309973515385e-02,-3.445566374486193628e-01,5.000000000000000000e+00
-2.251930999186893545e-02,-5.594385883662345016e-01,4.495218307050937723e-01,5.017486914879860926e-02,-4.035338870576185566e-01,5.000000000000000000e+00
-6.268938016315672712e-02,-4.818000487040020041e-01,4.157206304105005579e-01,8.779460106951268716e-02,-3.224572512320408313e-01,5.000000000000000000e+00
-1.515170552915018343e-02,-5.375952906372692963e-01,3.333395672823700195e-01,5.877209930004110433e-02,-4.690814445477279326e-01,5.000000000000000000e+00
1.579142935795257996e-01,-3.910399510983907367e-01,5.003123530938538011e-01,1.518017745996662615e-01,-3.655848504271199118e-01,5.000000000000000000e+00
1.387405411145483658e-01,-4.506939501475591969e-01,5.145558274056276638e-01,2.912019296906790539e-02,-2.844912741296360958e-01,5.000000000000000000e+00
1.220670829358065368e-01,-4.527122122325470954e-01,4.939544602874537116e-01,9.701096207982726205e-02,-4.249460127993189285e-01,5.000000000000000000e+00
-9.833266345751620618e-02,-5.100861513200045660e-01,4.565832329370373976e-01,1.122620983601725075e-01,-4.560160653189365698e-01,5.000000000000000000e+00
1.008682648536984028e-01,-5.819981309643087464e-01,3.963779494123668701e-01,-1.885911730681542886e-02,-4.052843517705805865e-01,5.000000000000000000e+00
1.030521976841972248e-01,-5.323645958825818925e-01,3.920874660976829129e-01,5.120107967239211771e-02,-3.587294810248257138e-01,5.000000000000000000e+00
-1.307188540732188431e-01,-4.837167663188742806e-01,4.191279168127743926e-01,3.241227099513671606e-02,-2.987437859219418401e-01,5.000000000000000000e+00
1.649585785434546648e-01,-4.599792552522922739e-01,4.131602600491730559e-01,7.052624130779085176e-02,-5.157487149769207635e-01,5.000000000000000000e+00
-1.766880206743805248e-02,-5.259403655931221833e-01,4.556490235628206653e-01,9.210748832082234216e-02,-3.580249028779706189e-01,5.000000000000000000e+00
-7.790419268461692970e-02,-4.618508716317211160e-01,3.294861288150750522e-01,2.594992793862799588e-02,-2.712311267335311138e-01,5.000000000000000000e+00
-1.318237308300121424e-02,-4.172447953373083496e-01,3.462467296663317429e-01,-1.078411163380639526e-02,-4.369423304996772339e-01,5.000000000000000000e+00
1.713914092336357442e-01,-4.324949659248140121e-01,4.119064166722630205e-01,7.597908687047913445e-02,-5.177046685854911345e-01,5.000000000000000000e+00
4.286942234209593222e-02,-4.405874808091891359e-01,3.539030616321891531e-01,1.430158275362516385e-01,-2.851948681768270433e-01,5.000000000000000000e+00
1.265325138964877583e-02,-5.002729978643469799e-01,3.035390837530009267e-01,4.338087199433982716e-02,-3.924246397969691214e-01,5.000000000000000000e+00
-2.504221941533094076e-02,-5.097678016679345614e-01,3.909918220237055264e-01,1.066407059441433491e-02,-3.739029942886034630e-01,5.000000000000000000e+00
3.436520417295670371e-01,-5.240515021371434656e-01,5.353481230860982487e-01,1.240152285384380909e-01,-4.225080795448729609e-01,5.000000000000000000e+00
1.299321893368870773e-01,-4.300775878580180844e-01,4.073176048626148682e-01,-1.100896824687054298e-01,-3.764691873354426566e-01,5.000000000000000000e+00
1.418448138265331893e-01,-4.935709918347098712e-01,4.099661468809706610e-01,-5.128824580033916614e-02,-3.784002557247866938e-01,5.000000000000000000e+00
